{"cameraMode":{"drawMode":0,"name":"Shaded","section":"Shading Mode"},"sceneLighting":false,"audioPlay":false,"sceneViewState":{"showFog":true,"showMaterialUpdate":false,"showSkybox":true,"showFlares":true,"showImageEffects":true,"showParticleSystems":true},"in2DMode":false,"pivot":{"x":-0.22084009647369386,"y":0.2843482494354248,"z":-0.8034461140632629},"rotation":{"x":-0.18889133632183076,"y":-0.644024670124054,"z":0.16849291324615479,"w":-0.7219492793083191},"size":2.0003345012664797,"orthographic":false}