{"cameraMode":{"drawMode":0,"name":"Shaded","section":"Shading Mode"},"sceneLighting":false,"audioPlay":false,"sceneViewState":{"showFog":true,"showMaterialUpdate":false,"showSkybox":true,"showFlares":true,"showImageEffects":true,"showParticleSystems":true},"in2DMode":false,"pivot":{"x":-1.451406478881836,"y":-0.31249135732650759,"z":3.2406959533691408},"rotation":{"x":-0.10122153162956238,"y":-0.009860487654805184,"z":0.0009935070993378759,"w":-0.9948371648788452},"size":6.264791011810303,"orthographic":false}