{"cameraMode":{"drawMode":0,"name":"Shaded","section":"Shading Mode"},"sceneLighting":false,"audioPlay":false,"sceneViewState":{"showFog":true,"showMaterialUpdate":false,"showSkybox":true,"showFlares":true,"showImageEffects":true,"showParticleSystems":true},"in2DMode":false,"pivot":{"x":0.4585611820220947,"y":0.009699642658233643,"z":0.7578304409980774},"rotation":{"x":-0.16481934487819673,"y":0.3582897186279297,"z":-0.06442896276712418,"w":-0.9167086482048035},"size":4.770857810974121,"orthographic":false}