{"cameraMode":{"drawMode":0,"name":"Shaded","section":"Shading Mode"},"sceneLighting":true,"audioPlay":false,"sceneViewState":{"showFog":true,"showMaterialUpdate":false,"showSkybox":true,"showFlares":true,"showImageEffects":true,"showParticleSystems":true},"in2DMode":false,"pivot":{"x":7.762036323547363,"y":-29.935577392578126,"z":53.2901611328125},"rotation":{"x":-0.2478826344013214,"y":-0.1046663373708725,"z":0.02695051021873951,"w":-0.9627423286437988},"size":70.27494049072266,"orthographic":false}