{"cameraMode":{"drawMode":0,"name":"Shaded","section":"Shading Mode"},"sceneLighting":true,"audioPlay":false,"sceneViewState":{"showFog":true,"showMaterialUpdate":false,"showSkybox":true,"showFlares":true,"showImageEffects":true,"showParticleSystems":true},"in2DMode":false,"pivot":{"x":-11.454582214355469,"y":-3.4933786392211916,"z":-5.512665748596191},"rotation":{"x":-0.11491096019744873,"y":0.8275689482688904,"z":-0.1836937665939331,"w":-0.5179415345191956},"size":25.55914306640625,"orthographic":false}