{"cameraMode":{"drawMode":0,"name":"Shaded","section":"Shading Mode"},"sceneLighting":false,"audioPlay":false,"sceneViewState":{"showFog":true,"showMaterialUpdate":false,"showSkybox":true,"showFlares":true,"showImageEffects":true,"showParticleSystems":true},"in2DMode":false,"pivot":{"x":-2.217256546020508,"y":2.910512924194336,"z":7.283293724060059},"rotation":{"x":-0.05619887262582779,"y":0.23788142204284669,"z":-0.013792944140732289,"w":-0.9695910215377808},"size":3.533687114715576,"orthographic":false}