{"cameraMode":{"drawMode":0,"name":"Shaded","section":"Shading Mode"},"sceneLighting":true,"audioPlay":false,"sceneViewState":{"showFog":true,"showMaterialUpdate":false,"showSkybox":true,"showFlares":true,"showImageEffects":true,"showParticleSystems":true},"in2DMode":false,"pivot":{"x":1.6885974407196046,"y":1.750044584274292,"z":9.607202529907227},"rotation":{"x":0.03688664734363556,"y":0.018000494688749315,"z":-0.0006375630619004369,"w":0.9992234110832214},"size":14.882864952087403,"orthographic":false}