{"cameraMode":{"drawMode":0,"name":"Shaded","section":"Shading Mode"},"sceneLighting":false,"audioPlay":false,"sceneViewState":{"showFog":true,"showMaterialUpdate":false,"showSkybox":true,"showFlares":true,"showImageEffects":true,"showParticleSystems":true},"in2DMode":false,"pivot":{"x":0.930467963218689,"y":-1.0208789110183716,"z":0.6434322595596314},"rotation":{"x":0.2064867615699768,"y":0.7864673733711243,"z":-0.3478391468524933,"w":0.4669545292854309},"size":1.7533016204833985,"orthographic":false}