{"cameraMode":{"drawMode":0,"name":"Shaded","section":"Shading Mode"},"sceneLighting":false,"audioPlay":false,"sceneViewState":{"showFog":true,"showMaterialUpdate":false,"showSkybox":true,"showFlares":true,"showImageEffects":true,"showParticleSystems":true},"in2DMode":false,"pivot":{"x":-0.7109973430633545,"y":-0.4182701110839844,"z":-3.9511730670928957},"rotation":{"x":-0.05545039474964142,"y":-0.9395387768745422,"z":0.18351387977600099,"w":-0.28383582830429079},"size":5.043160915374756,"orthographic":false}