{"cameraMode":{"drawMode":0,"name":"Shaded","section":"Shading Mode"},"sceneLighting":false,"audioPlay":false,"sceneViewState":{"showFog":true,"showMaterialUpdate":false,"showSkybox":true,"showFlares":true,"showImageEffects":true,"showParticleSystems":true},"in2DMode":false,"pivot":{"x":-0.0923466682434082,"y":-0.4742034673690796,"z":-3.427776575088501},"rotation":{"x":-0.07337033003568649,"y":-0.9102378487586975,"z":0.18346676230430604,"w":-0.36396580934524538},"size":5.043160915374756,"orthographic":false}