{"cameraMode":{"drawMode":0,"name":"Shaded","section":"Shading Mode"},"sceneLighting":false,"audioPlay":false,"sceneViewState":{"showFog":true,"showMaterialUpdate":false,"showSkybox":true,"showFlares":true,"showImageEffects":true,"showParticleSystems":true},"in2DMode":false,"pivot":{"x":0.1629660427570343,"y":-0.2752763032913208,"z":0.24005639553070069},"rotation":{"x":0.013566098175942898,"y":0.9814190864562988,"z":-0.17645898461341859,"w":0.07551117986440659},"size":0.8533017039299011,"orthographic":false}