{"cameraMode":{"drawMode":0,"name":"Shaded","section":"Shading Mode"},"sceneLighting":true,"audioPlay":false,"sceneViewState":{"showFog":true,"showMaterialUpdate":false,"showSkybox":true,"showFlares":true,"showImageEffects":true,"showParticleSystems":true},"in2DMode":false,"pivot":{"x":6.50153923034668,"y":8.116655349731446,"z":-6.0211029052734379},"rotation":{"x":0.0073855360969901089,"y":0.9900248050689697,"z":-0.0568002387881279,"w":0.12872938811779023},"size":192.43508911132813,"orthographic":false}